Unnamed: 0,SeqId,TargetFullName,Target,UniProt,EntrezGeneSymbol,Units,Dilution,PlateScale_Reference,Function
8,10013-34,Fc_MOUSE,Fc_MOUSE,Q99LC4,,RFU,20.0,499.6,
11,10021-1,Fc_MOUSE,Fc_MOUSE,Q99LC4,,RFU,20.0,911.6,
16,10034-16,Fc_MOUSE,Fc_MOUSE,Q99LC4,,RFU,20.0,3449.8,
19,10037-98,Sialic acid-binding Ig-like lectin 12,SIG12,Q96PQ1,SIGLEC12,RFU,20.0,191.7,
36,10074-128,Bromodomain-containing protein 2,BRD2,P25440,BRD2,RFU,20.0,711.0,
37,10075-75,Acyl-CoA-binding domain-containing protein 6,ACBD6,Q9BR61,ACBD6,RFU,20.0,108.9,
48,10336-3,E3 ubiquitin-protein ligase CHIP,CHIP,Q9UNE7,STUB1,RFU,20.0,738.1,
50,10344-334,Interleukin-10 receptor subunit alpha,IL-10 Ra,Q13651,IL10RA,RFU,20.0,3933.5,
62,10390-21,E3 ubiquitin-protein ligase ZNRF3,ZNRF3,Q9ULT6,ZNRF3,RFU,20.0,532.4,
64,10396-6,Induced myeloid leukemia cell differentiation protein Mcl-1,Mcl-1,Q07820,MCL1,RFU,20.0,223.2,
65,10416-79,Fc_MOUSE,Fc_MOUSE,Q99LC4,,RFU,20.0,1267.0,
70,10427-2,Fc_MOUSE,Fc_MOUSE,Q99LC4,,RFU,20.0,1262.4,
76,10440-26,CXADR-like membrane protein,ACAM,Q9H6B4,CLMP,RFU,20.0,1118.3,
84,10461-57,Fc_MOUSE,Fc_MOUSE,Q99LC4,,RFU,20.0,176.8,
87,10467-58,Fc_MOUSE,Fc_MOUSE,Q99LC4,,RFU,20.0,487.5,
88,10471-25,Fc_MOUSE,Fc_MOUSE,Q99LC4,,RFU,20.0,440.9,
89,10476-23,Fc_MOUSE,Fc_MOUSE,Q99LC4,,RFU,20.0,9554.2,
90,10489-19,Fc_MOUSE,Fc_MOUSE,Q99LC4,,RFU,20.0,143.4,
91,10490-3,Dolichyl-diphosphooligosaccharide--protein glycosyltransferase subunit 1,RPN1,P04843,RPN1,RFU,20.0,4658.1,
92,10494-48,Fc_MOUSE,Fc_MOUSE,Q99LC4,,RFU,20.0,205.0,
93,10495-10,Fc_MOUSE,Fc_MOUSE,Q99LC4,,RFU,20.0,194.4,
95,10497-242,Fc_MOUSE,Fc_MOUSE,Q99LC4,,RFU,20.0,357.8,
97,10502-15,Fc_MOUSE,Fc_MOUSE,Q99LC4,,RFU,20.0,456.6,
98,10503-55,Fc_MOUSE,Fc_MOUSE,Q99LC4,,RFU,20.0,994.3,
99,10504-6,Fc_MOUSE,Fc_MOUSE,Q99LC4,,RFU,20.0,214.2,
100,10506-53,Membrane-associated progesterone receptor component 2,PGRC2,O15173,PGRMC2,RFU,20.0,1009.6,
101,10507-166,Acrosomal protein SP-10,sperm protein 10,P26436,ACRV1,RFU,20.0,214.0,
103,10512-13,Cytokine receptor common subunit beta,IL3RB,P32927,CSF2RB,RFU,20.0,241.1,
106,10516-53,Fc_MOUSE,Fc_MOUSE,Q99LC4,,RFU,20.0,59.9,
107,10518-14,Fc_MOUSE,Fc_MOUSE,Q99LC4,,RFU,20.0,111.8,
110,10529-19,Fc_MOUSE,Fc_MOUSE,Q99LC4,,RFU,20.0,274.7,
113,10533-1,Fc_MOUSE,Fc_MOUSE,Q99LC4,,RFU,20.0,184.6,
114,10534-40,Poly [ADP-ribose] polymerase 1,PARP,P09874,PARP1,RFU,20.0,219.6,
117,10547-42,Fc_MOUSE,Fc_MOUSE,Q99LC4,,RFU,20.0,621.8,
118,10548-35,Fc_MOUSE,Fc_MOUSE,Q99LC4,,RFU,20.0,1995.2,
125,10560-1,Integral membrane protein 2C,ITM2C,Q9NQX7,ITM2C,RFU,20.0,242.8,
129,10569-28,Microfibrillar-associated protein 2,MFAP2,P55001,MFAP2,RFU,0.5,832.6,
132,10574-10,Beta-2-microglobulin,b2-Microglobulin,P61769,B2M,RFU,20.0,4975.0,
142,10606-34,Torsin-1A-interacting protein 1,TOIP1,Q5JTV8,TOR1AIP1,RFU,20.0,4819.8,
144,10610-8,Fc_MOUSE,Fc_MOUSE,Q99LC4,,RFU,20.0,822.8,
146,10613-33,Protein CASC4,CASC4,Q6P4E1,CASC4,RFU,20.0,1797.9,
152,10623-19,Mucin-1,MUC1,P15941,MUC1,RFU,20.0,423.8,
155,10630-5,Oxidoreductase HTATIP2,HTAI2,Q9BUP3,HTATIP2,RFU,20.0,2780.5,
156,10637-50,UPF0577 protein KIAA1324,K1324,Q6UXG2,KIAA1324,RFU,20.0,222.4,
158,10639-1,Fc_MOUSE,Fc_MOUSE,Q99LC4,,RFU,20.0,2787.4,
159,10640-9,Fc_MOUSE,Fc_MOUSE,Q99LC4,,RFU,20.0,235.3,
160,10643-16,Noelin-3,NOE3,Q96PB7,OLFM3,RFU,20.0,1628.8,
161,10645-72,Fc_MOUSE,Fc_MOUSE,Q99LC4,,RFU,20.0,3526.7,
163,10658-28,Fc_MOUSE,Fc_MOUSE,Q99LC4,,RFU,20.0,466.2,
164,10659-49,Fc_MOUSE,Fc_MOUSE,Q99LC4,,RFU,20.0,127.7,
165,10660-33,Fc_MOUSE,Fc_MOUSE,Q99LC4,,RFU,20.0,205.4,
167,10665-30,Fc_MOUSE,Fc_MOUSE,Q99LC4,,RFU,20.0,997.7,
171,10671-67,Fc_MOUSE,Fc_MOUSE,Q99LC4,,RFU,20.0,283.2,
173,10692-48,Fc_MOUSE,Fc_MOUSE,Q99LC4,,RFU,20.0,4095.5,
174,10693-43,Killer cell lectin-like receptor subfamily G member 2,KLRG2,A4D1S0,KLRG2,RFU,20.0,2036.4,
176,10699-52,Prolow-density lipoprotein receptor-related protein 1,LRP1,Q07954,LRP1,RFU,20.0,295.2,
178,10701-30,Fc_MOUSE,Fc_MOUSE,Q99LC4,,RFU,20.0,1495.6,
188,10721-76,Heat shock 70 kDa protein 1A,HSP 70,P0DMV8,HSPA1A,RFU,20.0,10674.8,
189,10723-41,Fc_MOUSE,Fc_MOUSE,Q99LC4,,RFU,20.0,1410.2,
193,10749-18,Heat shock 70 kDa protein 1A,HSP 70,P0DMV8,HSPA1A,RFU,20.0,3875.0,
199,10762-2,Killer cell lectin-like receptor subfamily G member 2,KLRG2,A4D1S0,KLRG2,RFU,20.0,845.0,
204,10791-21,Fc_MOUSE,Fc_MOUSE,Q99LC4,,RFU,20.0,104.9,
207,10803-22,Heat shock 70 kDa protein 1A,HSP 70,P0DMV8,HSPA1A,RFU,20.0,3606.3,
211,10816-150,Paired immunoglobulin-like type 2 receptor alpha isoform FDF03-M14,PILRA isoform FDF03-M14,Q9UKJ1,PILRA,RFU,20.0,1966.7,
213,10823-19,Fc_MOUSE,Fc_MOUSE,Q99LC4,,RFU,20.0,2059.1,
229,10888-4,Fc_MOUSE,Fc_MOUSE,Q99LC4,,RFU,20.0,116.3,
237,10907-116,Neurotrimin,NTRI,Q9P121,NTM,RFU,20.0,12803.6,
240,10914-4,Fc_MOUSE,Fc_MOUSE,Q99LC4,,RFU,20.0,1087.4,
244,10927-65,Fc_MOUSE,Fc_MOUSE,Q99LC4,,RFU,20.0,543.7,
249,10943-36,Fc_MOUSE,Fc_MOUSE,Q99LC4,,RFU,20.0,258.1,
258,10962-46,Fc_MOUSE,Fc_MOUSE,Q99LC4,,RFU,20.0,725.1,
276,11109-56,"Sushi, von Willebrand factor type A, EGF and pentraxin domain-containing protein 1",SVEP1,Q4LDE5,SVEP1,RFU,0.5,2143.6,
284,11128-29,Transmembrane protein 132C,T132C,Q8N3T6,TMEM132C,RFU,20.0,790.0,
289,11137-43,Cytokine receptor common subunit beta,IL3RB,P32927,CSF2RB,RFU,20.0,529.2,
291,11139-4,Fc_MOUSE,Fc_MOUSE,Q99LC4,,RFU,20.0,4061.8,
292,11140-56,Collagen alpha-1(I) chain,CO1A1,P02452,COL1A1,RFU,0.5,1495.5,
293,11142-11,Angiopoietin-related protein 1,ANGL1,O95841,ANGPTL1,RFU,0.5,772.3,
294,11143-32,Noelin-3,NOE3,Q96PB7,OLFM3,RFU,20.0,1261.4,
298,11147-17,Trem-like transcript 1 protein,TRML1,Q86YW5,TREML1,RFU,20.0,441.3,
299,11149-3,Toll-like receptor 1,TLR1,Q15399,TLR1,RFU,20.0,1018.2,
303,11157-35,Heat shock 70 kDa protein 1A,HSP 70,P0DMV8,HSPA1A,RFU,0.5,3195.7,
316,11178-21,"Sushi, von Willebrand factor type A, EGF and pentraxin domain-containing protein 1",SVEP1,Q4LDE5,SVEP1,RFU,0.5,1991.1,
332,11207-3,Macrophage scavenger receptor types I and II,Macrophage scavenger receptor,P21757,MSR1,RFU,20.0,567.3,
337,11215-6,Cadherin-15,CAD15,P55291,CDH15,RFU,0.5,4076.0,
342,11222-62,Fc_MOUSE,Fc_MOUSE,Q99LC4,,RFU,20.0,352.5,
348,11230-12,Fc_MOUSE,Fc_MOUSE,Q99LC4,,RFU,20.0,398.8,
380,11291-73,Fc_MOUSE,Fc_MOUSE,Q99LC4,,RFU,20.0,585.9,
383,11297-54,Neurogenic locus notch homolog protein 2,NOTC2,Q04721,NOTCH2,RFU,20.0,214.6,
400,11334-7,Leukocyte immunoglobulin-like receptor subfamily B member 3,LIRB3,O75022,LILRB3,RFU,20.0,462.9,
406,11350-30,E3 ubiquitin-protein ligase CHIP,CHIP,Q9UNE7,STUB1,RFU,20.0,672.0,
433,11395-5,Protein-tyrosine kinase 2-beta,FAK2,Q14289,PTK2B,RFU,20.0,1007.1,
440,11416-23,F-box/LRR-repeat protein 4,FBXL4,Q9UKA2,FBXL4,RFU,0.5,1986.9,
456,11442-1,Delta and Notch-like epidermal growth factor-related receptor,DNER,Q8NFT8,DNER,RFU,20.0,1136.7,
469,11481-25,Hepatitis A virus cellular receptor 2,TIMD3,Q8TDQ0,HAVCR2,RFU,20.0,16667.8,
474,11510-31,Apolipoprotein L1,Apo L1,O14791,APOL1,RFU,0.005,19887.0,
479,11531-24,V-type immunoglobulin domain-containing suppressor of T-cell activation,GI24,Q9H7M9,C10orf54,RFU,20.0,630.8,
497,11561-32,Fc_MOUSE,Fc_MOUSE,Q99LC4,,RFU,20.0,10189.9,
499,11563-51,Synaptotagmin-like protein 4,SYTL4,Q96C24,SYTL4,RFU,20.0,2752.4,
505,11571-75,NKG2-E type II integral membrane protein,NKG2E,Q07444,KLRC3,RFU,20.0,2802.6,
511,11591-43,Protein regulator of cytokinesis 1,PRC1,O43663,PRC1,RFU,20.0,240.2,
513,11593-21,C-X-C motif chemokine 9,MIG,Q07325,CXCL9,RFU,20.0,420.8,
527,11636-33,Transgelin-2,Transgelin-2,P37802,TAGLN2,RFU,20.0,3452.3,
560,11837-7,Tumor necrosis factor receptor superfamily member 18,GITR,Q9Y5U5,TNFRSF18,RFU,20.0,333.9,
562,11860-3,Fc_MOUSE,Fc_MOUSE,Q99LC4,,RFU,20.0,446.7,
564,11895-21,Fc_MOUSE,Fc_MOUSE,Q99LC4,,RFU,20.0,3807.2,
567,11912-45,Fc_MOUSE,Fc_MOUSE,Q99LC4,,RFU,20.0,294.7,
568,11917-8,Fc_MOUSE,Fc_MOUSE,Q99LC4,,RFU,20.0,592.9,
569,11918-54,Fc_MOUSE,Fc_MOUSE,Q99LC4,,RFU,20.0,2354.6,
570,11919-84,Fc_MOUSE,Fc_MOUSE,Q99LC4,,RFU,20.0,1121.7,
572,11927-3,Fc_MOUSE,Fc_MOUSE,Q99LC4,,RFU,20.0,556.2,
574,11939-11,Fc_MOUSE,Fc_MOUSE,Q99LC4,,RFU,20.0,396.2,
575,11952-1,Immunoglobulin superfamily DCC subclass member 3,IGDC3,Q8IVU1,IGDCC3,RFU,20.0,560.4,
576,11955-1,Rho GTPase-activating protein 1,RHG01,Q07960,ARHGAP1,RFU,20.0,1012.0,
579,11986-30,Fc_MOUSE,Fc_MOUSE,Q99LC4,,RFU,20.0,644.2,
582,11993-227,Fc_MOUSE,Fc_MOUSE,Q99LC4,,RFU,20.0,1243.3,
585,12012-33,Fc_MOUSE,Fc_MOUSE,Q99LC4,,RFU,20.0,493.5,
754,12590-67,Fc_MOUSE,Fc_MOUSE,Q99LC4,,RFU,20.0,1437.1,
778,12634-79,Breast cancer anti-estrogen resistance protein 3,BCAR3,O75815,BCAR3,RFU,20.0,1161.7,
861,12753-6,Amyloid beta A4 precursor protein-binding family B member 2,APBB2,Q92870,APBB2,RFU,20.0,610.8,
867,12761-12,Amyloid beta A4 precursor protein-binding family B member 2,APBB2,Q92870,APBB2,RFU,20.0,1140.8,
880,12784-10,Amyloid beta A4 precursor protein-binding family B member 3,APBB3,O95704,APBB3,RFU,20.0,2792.9,
906,12822-34,Amyloid beta A4 precursor protein-binding family B member 1,APBB1,O00213,APBB1,RFU,20.0,1336.7,
948,12893-159,Gamma-interferon-inducible protein 16,IP16,Q16666,IFI16,RFU,20.0,2046.4,
952,12906-137,Fc_MOUSE,Fc_MOUSE,Q99LC4,,RFU,20.0,813.9,
953,12912-25,Fc_MOUSE,Fc_MOUSE,Q99LC4,,RFU,20.0,858.0,
954,12915-26,Fc_MOUSE,Fc_MOUSE,Q99LC4,,RFU,20.0,1073.9,
955,12921-51,Fc_MOUSE,Fc_MOUSE,Q99LC4,,RFU,20.0,1121.9,
961,12941-24,Fc_MOUSE,Fc_MOUSE,Q99LC4,,RFU,20.0,271.2,
965,12958-8,Fc_MOUSE,Fc_MOUSE,Q99LC4,,RFU,20.0,434.3,
979,13021-12,Fc_MOUSE,Fc_MOUSE,Q99LC4,,RFU,20.0,1406.0,
980,13023-8,Fc_MOUSE,Fc_MOUSE,Q99LC4,,RFU,20.0,312.8,
983,13028-2,Fc_MOUSE,Fc_MOUSE,Q99LC4,,RFU,20.0,5606.5,
1006,13094-75,R-spondin-3,RSPO3,Q9BXY4,RSPO3,RFU,20.0,806.2,
1009,13098-93,Vascular endothelial growth factor D,VEGF-D,O43915,FIGF,RFU,20.0,12590.7,
1016,13109-82,Neuronal growth regulator 1,NEGR1,Q7Z3B1,NEGR1,RFU,0.5,2674.6,
1025,13123-3,Leucine-rich repeat transmembrane protein FLRT3,FLRT3,Q9NZU0,FLRT3,RFU,20.0,3013.8,
1046,13389-8,Fc_MOUSE,Fc_MOUSE,Q99LC4,,RFU,0.5,1998.1,
1053,13409-9,Fc_MOUSE,Fc_MOUSE,Q99LC4,,RFU,20.0,776.8,
1074,13455-10,Fc_MOUSE,Fc_MOUSE,Q99LC4,,RFU,20.0,1557.1,
1092,13484-69,Collagen alpha-1(I) chain,CO1A1,P02452,COL1A1,RFU,20.0,234.5,
1094,13486-9,Polycystin-2,PKD2,Q13563,PKD2,RFU,20.0,1759.9,
1107,13500-9,Fc_MOUSE,Fc_MOUSE,Q99LC4,,RFU,20.0,2431.5,
1125,13526-5,Lupus La protein,LA,P05455,SSB,RFU,20.0,467.9,
1130,13535-2,Collagen type IV alpha-3-binding protein,C43BP,Q9Y5P4,COL4A3BP,RFU,20.0,644.2,
1160,13589-10,Amyloid beta A4 precursor protein-binding family B member 3,APBB3,O95704,APBB3,RFU,20.0,1499.9,
1184,13625-19,Lupus La protein,LA,P05455,SSB,RFU,20.0,446.4,
1206,13669-6,Fibroblast growth factor receptor 3,FGFR-3,P22607,FGFR3,RFU,20.0,9665.5,
1210,13676-46,Inhibin beta B chain,Inhibin bB chain,P09529,INHBB,RFU,20.0,13859.7,
1222,13700-10,Annexin A2,annexin II,P07355,ANXA2,RFU,20.0,8461.9,
1226,13717-15,Ficolin-2,FCN2,Q15485,FCN2,RFU,0.5,16696.8,
1236,13738-8,Inhibin beta A chain,Inhibin bA chain,P08476,INHBA,RFU,20.0,1305.1,
1240,13745-10,Polycystin-2,PKD2,Q13563,PKD2,RFU,20.0,277.8,
1251,13940-19,Gamma-interferon-inducible protein 16,IP16,Q16666,IFI16,RFU,20.0,1512.4,
1258,13948-50,Gamma-aminobutyric acid type B receptor subunit 2,GABR2,O75899,GABBR2,RFU,20.0,1044.2,
1259,13950-9,Collagen type IV alpha-3-binding protein,C43BP,Q9Y5P4,COL4A3BP,RFU,20.0,936.8,
1263,13959-7,Cytosol aminopeptidase,LAP,P28838,LAP3,RFU,20.0,12314.7,
1300,14024-196,"Ectodysplasin-A, secreted form",EDA,Q92838,EDA,RFU,20.0,1210.4,
1305,14034-22,Tumor-associated calcium signal transducer 2,GA733-1 protein,P09758,TACSTD2,RFU,20.0,499.6,
1312,14047-78,Brain-derived neurotrophic factor,BDNF,P23560,BDNF,RFU,0.5,1762.2,
1316,14054-17,Interleukin-15 receptor subunit alpha,IL-15 Ra,Q13261,IL15RA,RFU,20.0,9476.0,
1320,14065-11,T-cell surface glycoprotein CD5,CD5,P06127,CD5,RFU,20.0,265.2,
1330,14084-191,Fc_MOUSE,Fc_MOUSE,Q99LC4,,RFU,0.5,2594.0,
1343,14111-15,Thrombospondin-2,TSP2,P35442,THBS2,RFU,20.0,651.4,
1345,14114-18,PILR alpha-associated neural protein,PIANP,Q8IYJ0,PIANP,RFU,20.0,1796.1,
1346,14115-34,Adrenomedullin,Adrenomedullin,P35318,ADM,RFU,0.5,1983.6,
1350,14122-132,E3 ubiquitin-protein ligase ZNRF3,ZNRF3,Q9ULT6,ZNRF3,RFU,20.0,662.1,
1351,14123-34,V-type immunoglobulin domain-containing suppressor of T-cell activation,GI24,Q9H7M9,C10orf54,RFU,20.0,3617.0,
1356,14131-37,Ephrin-B2,EFNB2,P52799,EFNB2,RFU,20.0,7446.6,
1379,14206-28,Amyloid beta A4 precursor protein-binding family B member 1,APBB1,O00213,APBB1,RFU,20.0,169.5,
1383,14228-1,Fc_MOUSE,Fc_MOUSE,Q99LC4,,RFU,20.0,552.0,
1384,14237-1,Heat shock 70 kDa protein 1A,HSP 70,P0DMV8,HSPA1A,RFU,0.005,1808.3,
1385,14246-50,Docking protein 2,DOK2,O60496,DOK2,RFU,20.0,446.2,
1389,14256-4,Fc_MOUSE,Fc_MOUSE,Q99LC4,,RFU,20.0,226.6,
1399,14308-192,Fc_MOUSE,Fc_MOUSE,Q99LC4,,RFU,20.0,935.3,
1412,14597-5,"Semaphorin-6C, cytoplasmic",SEM6C,Q9H3T2,SEMA6C,RFU,20.0,215.9,
1418,14617-7,Fc_MOUSE,Fc_MOUSE,Q99LC4,,RFU,20.0,291.4,
1427,14635-28,Fc_MOUSE,Fc_MOUSE,Q99LC4,,RFU,20.0,247.1,
1437,14685-17,RAC-beta serine/threonine-protein kinase,PKB beta,P31751,AKT2,RFU,0.5,1850.7,
1441,14705-1,Vascular endothelial growth factor D,VEGF-D,O43915,FIGF,RFU,20.0,1695.7,
1448,15298-199,Neuropilin and tolloid-like protein 1,NETO1,Q8TDF5,NETO1,RFU,20.0,238.3,
1451,15301-24,Acrosomal protein SP-10,sperm protein 10,P26436,ACRV1,RFU,20.0,254.4,
1457,15310-61,Protein regulator of cytokinesis 1,PRC1,O43663,PRC1,RFU,20.0,738.6,
1484,15372-43,Bromodomain-containing protein 2,BRD2,P25440,BRD2,RFU,20.0,411.5,
1498,15394-79,Netrin receptor UNC5B,UNC5B,Q8IZJ1,UNC5B,RFU,20.0,10743.1,
1505,15412-40,Baculoviral IAP repeat-containing protein 7,KIAP,Q96CA5,BIRC7,RFU,20.0,436.7,
1518,15433-4,Proto-oncogene tyrosine-protein kinase Src,p60-Src,P12931,SRC,RFU,0.5,370.1,
1524,15440-57,Neuroendocrine convertase 2,NEC2,P16519,PCSK2,RFU,20.0,836.2,
1527,15446-25,"Neuregulin-1, sensory and motor neuron-derived factor isoform",SMDF,Q02297,NRG1,RFU,20.0,3992.3,
1537,15466-30,Collagen alpha-1(IX) chain,CO9A1,P20849,COL9A1,RFU,20.0,234.6,
1542,15472-16,Low-density lipoprotein receptor-related protein 11,LRP11,Q86VZ4,LRP11,RFU,0.5,3022.0,
1547,15481-45,Antibacterial protein LL-37,LL-37,P49913,CAMP,RFU,0.5,56433.0,
1553,15492-1,Cysteine-rich motor neuron 1 protein,CRIM1,Q9NZV1,CRIM1,RFU,20.0,235.5,
1558,15503-15,Left-right determination factor 2,Lefty-A,O00292,LEFTY2,RFU,20.0,11408.7,
1559,15503-20,Left-right determination factor 2,Lefty-A,O00292,LEFTY2,RFU,20.0,1819.3,
1560,15504-39,Baculoviral IAP repeat-containing protein 7 Isoform beta,Livin B,Q96CA5,BIRC7,RFU,20.0,806.2,
1577,15533-97,Macrophage scavenger receptor types I and II,Macrophage scavenger receptor,P21757,MSR1,RFU,20.0,7860.9,
1593,15569-15,Collagen Type II,Collagen II,P02458,COL2A1,RFU,0.5,733.8,
1616,15608-5,Ribosomal protein S6 kinase beta-1,KS6B1,P23443,RPS6KB1,RFU,20.0,458.1,
1617,15610-72,Cytosol aminopeptidase,LAP,P28838,LAP3,RFU,20.0,1293.6,
1621,15615-8,Leukocyte immunoglobulin-like receptor subfamily B member 3,LIRB3,O75022,LILRB3,RFU,20.0,1504.7,
1639,15667-39,Bone morphogenetic protein 4,BMP-4,P12644,BMP4,RFU,20.0,1748.0,
1643,15674-3,B-cell antigen receptor complex-associated protein alpha chain,CD79A,P11912,CD79A,RFU,20.0,1805.1,
1645,15686-49,Inhibin beta C chain,INHBC,P55103,INHBC,RFU,0.5,1995.7,
1652,16043-30,SHC-transforming protein 1,SHC1,P29353,SHC1,RFU,20.0,2573.5,
1657,16074-12,GRB2-related adapter protein 2,GRB2-related adapter protein 2,O75791,GRAP2,RFU,20.0,1359.6,
1661,16293-1,Somatoliberin,Growth hormone-releasing factor,P01286,GHRH,RFU,20.0,1001.3,
1665,16299-13,T-cell immunoreceptor with Ig and ITIM domains,TIGIT,Q495A1,TIGIT,RFU,20.0,772.2,
1669,16305-10,Cadherin-11,Cadherin-11,P55287,CDH11,RFU,0.5,3613.1,
1672,16315-105,Vascular endothelial growth factor receptor 1,VEGF sR1,P17948,FLT1,RFU,20.0,509.0,
1678,16324-38,Toll-like receptor 1,TLR1,Q15399,TLR1,RFU,20.0,776.9,
1679,16535-61,Green fluorescent protein_AEQVI,GFP_AEQVI,P42212,GFP,RFU,20.0,279.3,
1694,16607-78,Gelsolin,Gelsolin,P06396,GSN,RFU,0.005,99441.7,
1699,16614-27,R-spondin-1,RSPO1,Q2MKA7,RSPO1,RFU,20.0,2193.4,
1705,16746-12,Activin B,Activin B,P09529,INHBB,RFU,20.0,1470.1,
1707,16749-79,Growth/differentiation factor 10,BMP-3b,P55107,GDF10,RFU,20.0,1182.4,
1708,16751-15,Natriuretic peptides B,BNP,P16860,NPPB,RFU,20.0,319.3,
1713,16758-96,Hepatoma-derived growth factor,HDGF,P51858,HDGF,RFU,20.0,2259.5,
1716,16765-52,Platelet basic protein,PBP,P02775,PPBP,RFU,0.5,7275.4,
1721,16780-6,Heat shock 70 kDa protein 1A,HSP 70,P0DMV8,HSPA1A,RFU,20.0,9938.5,
1724,16792-4,Sialic acid-binding Ig-like lectin 5,Siglec-5,O15389,SIGLEC5,RFU,0.5,5237.8,
1727,16805-5,"cGMP-specific 3',5'-cyclic phosphodiesterase",PDE5A,O76074,PDE5A,RFU,20.0,5294.0,
1731,16818-200,CUB domain-containing protein 1,CDCP1,Q9H5V8,CDCP1,RFU,20.0,2691.7,
1766,16914-104,"Monocyte differentiation antigen CD14, soluble",sCD14,P08571,CD14,RFU,0.5,22857.7,
1777,17140-57,Platelet-derived growth factor D,PDGFD,Q9GZP0,PDGFD,RFU,20.0,12055.7,
1790,17165-1,Beta-thromboglobulin,BTG,P02775,PPBP,RFU,0.005,3290.0,
1791,17166-4,Fibroblast growth factor 8 isoform F,FGF-8F,P55075,FGF8,RFU,20.0,378.9,
1855,17427-26,Neuroligin-3,NLGN3,Q9NZ94,NLGN3,RFU,20.0,138.1,
1864,17456-53,Golgi membrane protein 1,GOLM1,Q8NBJ4,GOLM1,RFU,20.0,3497.0,
2149,18821-9,C4a anaphylatoxin,C4a,P0C0L4 P0C0L5,C4A C4B,RFU,0.005,59227.7,
2166,18870-1,T-cell surface glycoprotein CD3 epsilon chain,CD3E,P07766,CD3E,RFU,20.0,1023.3,
2170,18875-125,Chondrocalcin,Chondrocalcin,P02458,COL2A1,RFU,20.0,548.1,
2363,19341-36,Acyl-CoA-binding domain-containing protein 6,ACBD6,Q9BR61,ACBD6,RFU,20.0,59741.6,
2373,19370-30,Heparan sulfate glucosamine 3-O-sulfotransferase 4,HS3S4,Q9Y661,HS3ST4,RFU,20.0,1874.7,
2384,19437-61,Isoform L-VEGF165,L-VEGF165,P15692,VEGFA,RFU,20.0,597.3,
2410,19567-1,Epidermal growth factor receptor variant III,EGFRvIII,P00533,EGFR,RFU,20.0,1126.4,
2412,19570-12,Fibroblast growth factor 8,FGF-8,P55075,FGF8,RFU,20.0,165.9,
2415,19578-19,Docking protein 2,DOK2,O60496,DOK2,RFU,20.0,3326.8,
2432,19622-7,Activin A,Activin A,P08476,INHBA,RFU,20.0,15969.4,
2435,19637-9,Corticoliberin,CRH,P06850,CRH,RFU,20.0,9948.0,
2438,19640-2,Parathyroid Hormone1-34,Parathyroid Hormone1-34,P01270,PTH,RFU,20.0,295.8,
2439,Jan-52,No protein,No Protein,,,RFU,20.0,89.8,
2440,Feb-53,No protein,No Protein,,,RFU,20.0,100.2,
2441,Apr-55,No protein,No Protein,,,RFU,20.0,84.5,
2442,May-56,No protein,No Protein,,,RFU,20.0,128.6,
2443,Jun-57,No protein,No Protein,,,RFU,20.0,57.4,
2444,Jul-58,No protein,No Protein,,,RFU,20.0,68.4,
2445,Sep-60,No protein,No Protein,,,RFU,20.0,219.3,
2446,Oct-61,No protein,No Protein,,,RFU,20.0,196.1,
2449,2182-54,Complement C4b,C4b,P0C0L4 P0C0L5,C4A C4B,RFU,0.5,73316.7,
2466,2381-52,Complement C5,C5,P01031,C5,RFU,0.005,30291.0,
2467,Jul-21,Brain-derived neurotrophic factor,BDNF,P23560,BDNF,RFU,20.0,617.8,
2473,Oct-43,Fibroblast growth factor 8 isoform B,FGF-8B,P55075,FGF8,RFU,20.0,2147.5,
2483,2514-65,Ephrin-B3,Ephrin-B3,Q15768,EFNB3,RFU,20.0,726.6,
2487,2558-51,Beta-endorphin,b-Endorphin,P01189,POMC,RFU,20.0,338.2,
2495,Aug-97,Vascular endothelial growth factor A,VEGF,P15692,VEGFA,RFU,20.0,7044.9,
2508,2619-72,Tumor-associated calcium signal transducer 2,GA733-1 protein,P09758,TACSTD2,RFU,20.0,320.3,
2530,Jan-77,Epidermal growth factor receptor,ERBB1,P00533,EGFR,RFU,0.5,17142.9,
2532,Jan-83,"Complement C3b, inactivated",iC3b,P01024,C3,RFU,0.005,15404.8,
2545,2728-62,Tenascin,Tenascin,P24821,TNC,RFU,20.0,1130.2,
2559,2754-50,Complement C3,C3,P01024,C3,RFU,0.005,58066.6,
2560,Aug-55,C3a anaphylatoxin des Arginine,C3adesArg,P01024,C3,RFU,0.005,144248.1,
2575,2790-54,Neutrophil-activating peptide 2,NAP-2,P02775,PPBP,RFU,0.005,3568.0,
2577,2796-62,Fibrinogen,Fibrinogen,P02671 P02675 P02679,FGA FGB FGG,RFU,0.005,111361.3,
2587,2826-53,"Ectodysplasin-A, secreted form",EDA,Q92838,EDA,RFU,20.0,1666.8,
2603,2851-63,C5a anaphylatoxin,C5a,P01031,C5,RFU,0.5,12261.8,
2614,Sep-79,Alpha-1-antichymotrypsin,a1-Antichymotrypsin,P01011,SERPINA3,RFU,0.005,197975.9,
2618,Jan-91,,Deprecated,,,RFU,20.0,1285.4,
2622,Jan-13,C-C motif chemokine 23,MPIF-1,P55773,CCL23,RFU,0.5,1269.6,
2624,2938-55,Apolipoprotein E (isoform E4),Apo E4,P02649,APOE,RFU,0.005,44222.3,
2627,May-43,Cytochrome P450 3A4,Cytochrome P450 3A4,P08684,CYP3A4,RFU,0.005,2170.8,
2633,2952-75,Insulin-like growth factor I,IGF-I,P05019,IGF1,RFU,0.5,13981.2,
2636,Jan-61,Vitamin K-dependent protein C,Protein C,P04070,PROC,RFU,0.5,81437.0,
2638,2966-65,Stem cell growth factor-beta,SCGF-beta,Q9Y240,CLEC11A,RFU,0.5,1314.0,
2669,3028-36,Ck-beta-8-1,Ck-b-8-1,P55773,CCL23,RFU,20.0,29893.7,
2685,Mar-54,Haptoglobin,"Haptoglobin, Mixed Type",P00738,HP,RFU,0.005,58972.3,
2696,3077-66,Coagulation factor Xa,Coagulation Factor Xa,P00742,F10,RFU,0.005,2083.1,
2707,3152-57,Tumor necrosis factor receptor superfamily member 1B,TNF sR-II,P20333,TNFRSF1B,RFU,0.5,1954.6,
2719,3182-38,Ectonucleoside triphosphate diphosphohydrolase 1,CD39,P49961,ENTPD1,RFU,20.0,3190.1,
2760,3313-21,Ficolin-2,FCN2,Q15485,FCN2,RFU,20.0,88085.5,
2777,3339-33,Thrombospondin-2,TSP2,P35442,THBS2,RFU,20.0,9839.5,
2780,3342-76,Abelson tyrosine-protein kinase 2,ABL2,P42684,ABL2,RFU,20.0,558.2,
2804,3381-24,"Tyrosine-protein kinase Lyn, isoform B",LYNB,P07948,LYN,RFU,20.0,5435.5,
2828,3427-63,Casein kinase II subunit alpha,CSK21,P68400,CSNK2A1,RFU,20.0,222.7,
2831,3434-34,Fibronectin Fragment 3,FN1.3,P02751,FN1,RFU,0.005,1686.3,
2832,3435-53,Fibronectin Fragment 4,FN1.4,P02751,FN1,RFU,0.005,1817.0,
2836,3445-53,Interleukin-15 receptor subunit alpha,IL-15 Ra,Q13261,IL15RA,RFU,20.0,684.6,
2840,3452-17,Tyrosine-protein kinase Lck,LCK,P06239,LCK,RFU,20.0,349.5,
2841,3453-87,Tyrosine-protein kinase Lyn,LYN,P07948,LYN,RFU,20.0,1389.6,
2856,3485-28,Beta-2-microglobulin,b2-Microglobulin,P61769,B2M,RFU,0.005,944.8,
2867,Jun-05,Lymphotoxin alpha1:beta2,Lymphotoxin a1/b2,P01374 Q06643,LTA LTB,RFU,20.0,261.2,
2868,3506-49,Lymphotoxin alpha2:beta1,Lymphotoxin a2/b1,P01374 Q06643,LTA LTB,RFU,20.0,2380.2,
2869,Jan-07,Malic dehydrogenase_THETH,MDH_THETH,P10584,mdh,RFU,0.5,61.1,
2872,3516-60,Stromal cell-derived factor 1,SDF-1,P48061,CXCL12,RFU,20.0,30870.5,
2891,3605-77,Mannan-binding lectin serine protease 1,MASP3,P48740,MASP1,RFU,0.5,526.3,
2907,3710-49,Angiostatin,Angiostatin,P00747,PLG,RFU,0.5,28362.6,
2909,3717-23,Luciferin 4-monooxygenase_PHOPY,LUCI_PHOPY,P08659,,RFU,20.0,1036.8,
2912,Jan-23,Brain natriuretic peptide 32,BNP-32,P16860,NPPB,RFU,20.0,365.2,
2913,3724-64,Exendin-4_HELSU,EXE4_HELSU,P26349,,RFU,20.0,376.6,
2918,3742-78,Nigrin b_SAMNI,NIGB_SAMNI,P33183,,RFU,20.0,1960.2,
2919,3758-68,Activated Protein C,Activated Protein C,P04070,PROC,RFU,20.0,485.0,
2933,Jan-09,Fibroblast growth factor receptor 3,FGFR-3,P22607,FGFR3,RFU,20.0,1122.2,
2939,3821-28,MAP kinase-activated protein kinase 5,MAPK5,Q8IW41,MAPKAPK5,RFU,20.0,588.5,
2953,3849-56,Green fluorescent protein_AEQVI,GFP_AEQVI,P42212,GFP,RFU,0.5,77.4,
2959,3859-50,Proteasome subunit alpha type-1,PSA1,P25786,PSMA1,RFU,20.0,560.8,
2985,4124-24,Heat shock 70 kDa protein 1A,HSP 70,P0DMV8,HSPA1A,RFU,20.0,1149.8,
2992,4131-72,Fibronectin,Fibronectin,P02751,FN1,RFU,0.005,6335.0,
3005,4150-75,Plasmin,Plasmin,P00747,PLG,RFU,20.0,1311.4,
3006,Jun-51,Plasminogen,Plasminogen,P00747,PLG,RFU,0.005,734.2,
3008,Nov-53,Alpha-1-antichymotrypsin complex,alpha-1-antichymotrypsin complex,P01011,SERPINA3,RFU,0.005,6835.1,
3010,Mar-55,Tenascin,Tenascin,P24821,TNC,RFU,0.5,6355.9,
3017,4179-57,14-3-3 protein gamma,14-3-3 protein gamma,P61981,YWHAG,RFU,20.0,33695.5,
3068,4394-71,Fibroblast growth factor 8 isoform A,FGF-8A,P55075,FGF8,RFU,20.0,366.5,
3088,4481-34,Complement C4,C4,P0C0L4 P0C0L5,C4A C4B,RFU,0.005,117668.1,
3095,4500-50,Stem cell growth factor-alpha,SCGF-alpha,Q9Y240,CLEC11A,RFU,0.5,3095.9,
3103,Apr-44,Connective tissue-activating peptide III,CTAP-III,P02775,PPBP,RFU,0.005,13388.2,
3112,4560-34,Tyrosine-protein kinase Lck,LCK,P06239,LCK,RFU,20.0,452.1,
3116,4566-24,R-spondin-2,RSPO2,Q6UXX9,RSPO2,RFU,20.0,443.9,
3120,May-84,Melittin_VESMG,MEL_VESMG,P68408,MELT,RFU,0.5,160.9,
3122,4666-193,No protein,No Protein,,,RFU,20.0,96.0,
3123,4666-194,No protein,No Protein,,,RFU,0.5,39.2,
3124,4666-195,No protein,No Protein,,,RFU,0.005,38.6,
3125,4666-199,No protein,No Protein,,,RFU,20.0,206.0,
3126,4666-200,No protein,No Protein,,,RFU,0.5,109.0,
3127,4666-202,No protein,No Protein,,,RFU,0.005,58.9,
3128,4666-205,No protein,No Protein,,,RFU,20.0,99.4,
3129,4666-206,No protein,No Protein,,,RFU,0.5,229.0,
3130,4666-213,No protein,No Protein,,,RFU,0.5,111.5,
3131,4666-214,No protein,No Protein,,,RFU,0.005,51.7,
3132,4666-225,No protein,No Protein,,,RFU,20.0,1884.9,
3133,4666-230,No protein,No Protein,,,RFU,20.0,2779.3,
3134,4666-232,No protein,No Protein,,,RFU,20.0,2842.9,
3135,4666-236,No protein,No Protein,,,RFU,20.0,1816.2,
3147,4721-54,Trefoil factor 3,TFF3,Q07654,TFF3,RFU,0.5,5459.4,
3151,4775-34,Gelsolin,Gelsolin,P06396,GSN,RFU,0.005,537.0,
3166,4867-15,"Vascular endothelial growth factor A, isoform 121",VEGF121,P15692,VEGFA,RFU,20.0,397.3,
3168,4876-32,Coagulation factor IX,Coagulation Factor IX,P00740,F9,RFU,0.005,15743.2,
3169,Mar-78,Coagulation Factor X,Coagulation Factor X,P00742,F10,RFU,0.005,1854.0,
3174,Oct-90,Corticotropin,ACTH,P01189,POMC,RFU,20.0,446.7,
3176,Aug-00,C3a anaphylatoxin,C3a,P01024,C3,RFU,0.5,186436.8,
3181,4907-56,D-dimer,D-dimer,P02671 P02675 P02679,FGA FGB FGG,RFU,0.005,17651.1,
3200,4961-17,Annexin A2,annexin II,P07355,ANXA2,RFU,0.5,720.5,
3274,5092-51,Protein jagged-1,JAG1,P78504,JAG1,RFU,20.0,1421.6,
3284,5106-52,Neurogenic locus notch homolog protein 2,NOTC2,Q04721,NOTCH2,RFU,20.0,439.7,
3295,5124-69,Intercellular adhesion molecule 5,sICAM-5,Q9UMF0,ICAM5,RFU,20.0,4719.9,
3301,5134-52,Hepatitis A virus cellular receptor 2,TIMD3,Q8TDQ0,HAVCR2,RFU,20.0,3567.7,
3311,5224-20,Casein kinase II subunit alpha,CSK21,P68400,CSNK2A1,RFU,20.0,129.6,
3324,5249-31,Serine/threonine-protein kinase 17B,DRAK2,O94768,STK17B,RFU,0.5,455.6,
3330,5256-86,"cGMP-specific 3',5'-cyclic phosphodiesterase",PDE5A,O76074,PDE5A,RFU,20.0,2041.0,
3333,5261-13,Abelson tyrosine-protein kinase 2,ABL2,P42684,ABL2,RFU,20.0,938.0,
3334,5262-57,Breast cancer anti-estrogen resistance protein 3,BCAR3,O75815,BCAR3,RFU,20.0,1880.6,
3336,Dec-65,GRB2-related adapter protein 2,GRB2-related adapter protein 2,O75791,GRAP2,RFU,20.0,247.2,
3337,5268-49,Matrix metalloproteinase-16,MMP-16,P51512,MMP16,RFU,20.0,565.8,
3338,5272-55,SHC-transforming protein 1,SHC1,P29353,SHC1,RFU,20.0,1689.7,
3342,Dec-07,Coagulation factor IXab,Coagulation Factor IXab,P00740,F9,RFU,0.005,8976.3,
3343,5312-49,Apolipoprotein E (isoform E2),Apo E2,P02649,APOE,RFU,0.005,93052.4,
3360,5355-69,Tumor necrosis factor ligand superfamily member 14,LIGHT,O43557,TNFSF14,RFU,20.0,490.3,
3364,Sep-60,RAC-beta serine/threonine-protein kinase,PKB beta,P31751,AKT2,RFU,20.0,1655.0,
3368,5392-73,Tumor necrosis factor receptor superfamily member 6,"Fas, soluble",P25445,FAS,RFU,20.0,16601.3,
3371,5410-53,Cadherin-15,CAD15,P55291,CDH15,RFU,0.5,538.0,
3399,5488-74,Proto-oncogene tyrosine-protein kinase Src isoform 2,SRCN1,P12931,SRC,RFU,20.0,2100.2,
3406,5526-53,Tumor necrosis factor receptor superfamily member 18,GITR,Q9Y5U5,TNFRSF18,RFU,20.0,944.2,
3408,5534-49,Tumor necrosis factor receptor superfamily member 10B,TRAIL R2,O14763,TNFRSF10B,RFU,20.0,714.9,
3416,5596-75,T-cell surface glycoprotein CD5,CD5,P06127,CD5,RFU,20.0,12048.9,
3429,5614-44,Corticoliberin,CRH,P06850,CRH,RFU,20.0,673.9,
3432,5618-50,Protein FAM3B,FAM3B,P58499,FAM3B,RFU,0.5,2428.7,
3447,5639-49,Neuropilin and tolloid-like protein 1,NETO1,Q8TDF5,NETO1,RFU,20.0,860.5,
3468,Jun-75,Tenascin,Tenascin,P24821,TNC,RFU,0.5,3809.4,
3502,5738-25,Tenascin,Tenascin,P24821,TNC,RFU,0.5,5886.3,
3544,5897-58,Gastrin-releasing peptide,Gastrin-releasing peptide,P07492,GRP,RFU,20.0,253.8,
3554,5947-90,Thrombopoietin,Tpo,P40225,THPO,RFU,20.0,179.1,
3555,5954-62,Parathyroid hormone,PTH,P01270,PTH,RFU,20.0,1587.0,
3557,5960-49,Fc_MOUSE,Fc_MOUSE,Q99LC4,,RFU,0.5,24065.6,
3558,Sep-63,Dermokine,Dermokine,Q6E0U4,DMKN,RFU,0.5,860.2,
3561,5988-49,Tumor necrosis factor ligand superfamily member 14,LIGHT,O43557,TNFSF14,RFU,20.0,980.0,
3565,6036-78,,Deprecated,,,RFU,20.0,1396.9,
3566,Jun-37,Fc_MOUSE,Fc_MOUSE,Q99LC4,,RFU,20.0,280.5,
3568,6042-52,Tenascin,Tenascin,P24821,TNC,RFU,20.0,22745.3,
3569,Apr-48,Fc_MOUSE,Fc_MOUSE,Q99LC4,,RFU,20.0,452.7,
3575,Nov-70,Fc_MOUSE,Fc_MOUSE,Q99LC4,,RFU,20.0,761.6,
3580,Feb-02,Fc_MOUSE,Fc_MOUSE,Q99LC4,,RFU,20.0,1278.0,
3583,6115-40,Fc_MOUSE,Fc_MOUSE,Q99LC4,,RFU,0.5,3894.6,
3584,Apr-17,Neuroendocrine convertase 2,NEC2,P16519,PCSK2,RFU,20.0,4094.7,
3586,May-21,Fc_MOUSE,Fc_MOUSE,Q99LC4,,RFU,20.0,194.6,
3587,6123-69,Cellular tumor antigen p53,p53,P04637,TP53,RFU,20.0,3354.1,
3589,Nov-68,Cellular tumor antigen p53 R175H mutant,p53 R175H,P04637,TP53,RFU,20.0,3006.3,
3605,6240-70,R-spondin-1,RSPO1,Q2MKA7,RSPO1,RFU,20.0,454.6,
3612,6260-14,Tenascin,Tenascin,P24821,TNC,RFU,0.5,21324.6,
3619,6277-55,Fc_MOUSE,Fc_MOUSE,Q99LC4,,RFU,0.5,29996.0,
3628,6295-67,Fc_MOUSE,Fc_MOUSE,Q99LC4,,RFU,20.0,2202.8,
3630,6300-14,Fc_MOUSE,Fc_MOUSE,Q99LC4,,RFU,20.0,4314.1,
3635,6326-20,Bone morphogenetic protein 4,BMP-4,P12644,BMP4,RFU,20.0,596.2,
3637,Oct-40,Fc_MOUSE,Fc_MOUSE,Q99LC4,,RFU,0.5,21372.5,
3647,6363-55,Fc_MOUSE,Fc_MOUSE,Q99LC4,,RFU,20.0,620.3,
3649,6365-62,Fc_MOUSE,Fc_MOUSE,Q99LC4,,RFU,20.0,283.5,
3655,6373-54,Protein delta homolog 1,DLK1,P80370,DLK1,RFU,0.5,1781.0,
3666,6389-57,Fc_MOUSE,Fc_MOUSE,Q99LC4,,RFU,0.5,3700.1,
3675,6401-73,Fc_MOUSE,Fc_MOUSE,Q99LC4,,RFU,20.0,4148.8,
3676,Aug-02,Paired immunoglobulin-like type 2 receptor alpha isoform FDF03-deltaTM,PILRA isoform FDF03-deltaTM,Q9UKJ1,PILRA,RFU,20.0,9993.7,
3681,Feb-08,Inhibin beta C chain,INHBC,P55103,INHBC,RFU,0.5,12223.9,
3685,6412-26,Fc_MOUSE,Fc_MOUSE,Q99LC4,,RFU,20.0,100.6,
3690,6417-55,Fc_MOUSE,Fc_MOUSE,Q99LC4,,RFU,0.5,3779.4,
3691,6419-75,Fc_MOUSE,Fc_MOUSE,Q99LC4,,RFU,20.0,398.1,
3704,6443-68,Fc_MOUSE,Fc_MOUSE,Q99LC4,,RFU,20.0,352.2,
3714,Jun-58,Dolichyl-diphosphooligosaccharide--protein glycosyltransferase subunit 1,RPN1,P04843,RPN1,RFU,0.5,809.2,
3719,Jul-66,Fc_MOUSE,Fc_MOUSE,Q99LC4,,RFU,20.0,443.3,
3734,6496-60,Protein delta homolog 1,DLK1,P80370,DLK1,RFU,0.5,528.9,
3740,6510-56,E3 ubiquitin-protein ligase RNF128,RN128,Q8TEB7,RNF128,RFU,20.0,2892.8,
3742,6517-14,Growth/differentiation factor 10,BMP-3b,P55107,GDF10,RFU,20.0,1437.4,
3743,6518-85,Appetite-regulating hormone,ghrelin,Q9UBU3,GHRL,RFU,20.0,798.7,
3746,6522-57,Fc_MOUSE,Fc_MOUSE,Q99LC4,,RFU,0.5,27985.9,
3768,6561-77,Ig Kappa chain V-I region HK102- like,Ig K chain V-I region HK102-like,,LOC652493,RFU,0.5,2327.0,
3769,6563-78,Heat shock 70 kDa protein 1A,HSP 70,P0DMV8,HSPA1A,RFU,20.0,3699.3,
3772,Oct-72,Leucine-rich repeat transmembrane neuronal protein 4,LRRT4,Q86VH4,LRRTM4,RFU,20.0,579.9,
3799,6631-17,Collagen alpha-1(IX) chain,CO9A1,P20849,COL9A1,RFU,20.0,676.3,
3801,6641-60,PolyUbiquitin K48-linked,PolyUbiquitin K48,P0CG47,UBB,RFU,0.5,946.9,
3804,6651-74,PolyUbiquitin K48-linked,PolyUbiquitin K48,P0CG47,UBB,RFU,0.5,29504.3,
3806,6706-18,"Alkaline phosphatase, placental-like",PPBN,P10696,ALPPL2,RFU,20.0,516.7,
3807,Apr-13,Low-density lipoprotein receptor-related protein 11,LRP11,Q86VZ4,LRP11,RFU,20.0,4001.0,
3808,6715-63,"Alkaline phosphatase, placental-like",PPBN,P10696,ALPPL2,RFU,20.0,396.7,
3809,Jan-95,Transferrin receptor protein 1,TR,P02786,TFRC,RFU,20.0,3428.3,
3831,Aug-34,Fc_MOUSE,Fc_MOUSE,Q99LC4,,RFU,20.0,5316.3,
3840,6955-68,Sorting nexin-1,SNX1,Q13596,SNX1,RFU,20.0,1188.8,
3845,May-67,Fc_MOUSE,Fc_MOUSE,Q99LC4,,RFU,20.0,195.5,
3847,Jun-74,HLA class II histocompatibility antigen gamma chain,HG2A,P04233,CD74,RFU,20.0,309.2,
3866,Apr-34,Fc_MOUSE,Fc_MOUSE,Q99LC4,,RFU,20.0,3973.7,
3872,May-50,Neuronal growth regulator 1,NEGR1,Q7Z3B1,NEGR1,RFU,0.5,584.3,
3874,7057-18,Fc_MOUSE,Fc_MOUSE,Q99LC4,,RFU,0.5,1206.0,
3878,Jan-65,Protein G6b,G6B,O95866,G6B,RFU,20.0,2757.6,
3885,Sep-77,Fc_MOUSE,Fc_MOUSE,Q99LC4,,RFU,20.0,367.5,
3906,7118-24,Immunoglobulin superfamily DCC subclass member 3,IGDC3,Q8IVU1,IGDCC3,RFU,20.0,680.1,
3910,Apr-25,Fc_MOUSE,Fc_MOUSE,Q99LC4,,RFU,20.0,493.8,
3914,7131-207,Tenascin,Tenascin,P24821,TNC,RFU,0.5,1507.3,
3916,Jul-36,Fc_MOUSE,Fc_MOUSE,Q99LC4,,RFU,20.0,1309.9,
3936,7173-141,Transmembrane protein 132C,T132C,Q8N3T6,TMEM132C,RFU,20.0,4649.7,
3957,7202-107,Semaphorin-6C,SEMA6C,Q9H3T2,SEMA6C,RFU,20.0,422.4,
3966,7219-152,Heat shock 70 kDa protein 1A,HSP 70,P0DMV8,HSPA1A,RFU,20.0,659.1,
3994,7638-30,Vesicular integral-membrane protein VIP36,"Lectin, mannose-binding 2",Q12907,LMAN2,RFU,0.5,12156.4,
3996,Nov-55,N-terminal pro-BNP,N-terminal pro-BNP,P16860,NPPB,RFU,20.0,2492.5,
4006,Nov-42,RING finger protein 148,RN148,Q8N7C7,RNF148,RFU,20.0,527.4,
4009,7746-230,Fc_MOUSE,Fc_MOUSE,Q99LC4,,RFU,20.0,486.6,
4014,7753-21,Oxidoreductase HTATIP2,HTAI2,Q9BUP3,HTATIP2,RFU,20.0,2636.6,
4015,Nov-54,Protein jagged-1,JAG1,P78504,JAG1,RFU,20.0,431.1,
4018,7758-217,RING finger protein 215,RN215,Q9Y6U7,RNF215,RFU,20.0,1495.7,
4020,7763-25,Cadherin-11,Cadherin-11,P55287,CDH11,RFU,20.0,792.9,
4027,7776-20,Netrin receptor UNC5B,UNC5B,Q8IZJ1,UNC5B,RFU,20.0,11362.9,
4032,Jan-85,Ephrin-B3,Ephrin-B3,Q15768,EFNB3,RFU,20.0,776.0,
4034,7787-25,Leukocyte immunoglobulin-like receptor subfamily A member 5,LIRA5,A6NI73,LILRA5,RFU,0.5,2757.5,
4039,7795-14,NKG2-E type II integral membrane protein,NKG2E,Q07444,KLRC3,RFU,20.0,1739.9,
4040,Oct-96,B-cell antigen receptor complex-associated protein alpha chain,CD79A,P11912,CD79A,RFU,20.0,2059.8,
4042,7800-85,Fc_MOUSE,Fc_MOUSE,Q99LC4,,RFU,20.0,1264.2,
4043,7801-30,Fc_MOUSE,Fc_MOUSE,Q99LC4,,RFU,20.0,228.4,
4044,7802-53,Fc_MOUSE,Fc_MOUSE,Q99LC4,,RFU,20.0,1117.3,
4053,7816-23,Fc_MOUSE,Fc_MOUSE,Q99LC4,,RFU,20.0,193.2,
4066,7843-152,Fc_MOUSE,Fc_MOUSE,Q99LC4,,RFU,20.0,438.4,
4068,7847-66,Fc_MOUSE,Fc_MOUSE,Q99LC4,,RFU,20.0,527.2,
4086,May-72,Fc_MOUSE,Fc_MOUSE,Q99LC4,,RFU,20.0,1889.9,
4089,Dec-79,Cytochrome P450 3A4,Cytochrome P450 3A4,P08684,CYP3A4,RFU,20.0,697.9,
4090,Sep-80,Proteasome subunit alpha type-1,PSA1,P25786,PSMA1,RFU,20.0,2459.4,
4097,7892-132,Protein FAM234B,K1467,A2RU67,KIAA1467,RFU,20.0,981.9,
4103,7905-30,Haptoglobin isoform 2,HPT,P00738,HP,RFU,0.005,107111.7,
4110,May-22,Adrenomedullin,Adrenomedullin,P35318,ADM,RFU,20.0,2057.7,
4123,Jan-44,Killer cell immunoglobulin-like receptor 3DL3,KI3L3,Q8N743,KIR3DL3,RFU,20.0,301.6,
4136,7963-36,Fc_MOUSE,Fc_MOUSE,Q99LC4,,RFU,20.0,334.9,
4150,Mar-92,Fc_MOUSE,Fc_MOUSE,Q99LC4,,RFU,20.0,476.3,
4155,7999-23,Ectonucleoside triphosphate diphosphohydrolase 1,CD39,P49961,ENTPD1,RFU,20.0,1627.0,
4168,8015-144,Fc_MOUSE,Fc_MOUSE,Q99LC4,,RFU,20.0,480.4,
4169,8016-19,DnaJ homolog subfamily C member 4,DNJC4,Q9NNZ3,DNAJC4,RFU,20.0,1050.4,
4173,8023-23,Fc_MOUSE,Fc_MOUSE,Q99LC4,,RFU,20.0,79.2,
4176,8029-35,Fc_MOUSE,Fc_MOUSE,Q99LC4,,RFU,20.0,321.0,
4177,Nov-31,Fc_MOUSE,Fc_MOUSE,Q99LC4,,RFU,20.0,529.7,
4189,Mar-45,Killer cell immunoglobulin-like receptor 3DL3,KI3L3,Q8N743,KIR3DL3,RFU,20.0,282.6,
4195,8057-78,Fc_MOUSE,Fc_MOUSE,Q99LC4,,RFU,20.0,494.5,
4196,Jan-59,Thrombopoietin,Tpo,P40225,THPO,RFU,20.0,736.7,
4198,8061-102,Protein FAM171B,F171B,Q6P995,FAM171B,RFU,20.0,242.8,
4204,8068-43,Uncharacterized family 31 glucosidase KIAA1161,K1161,Q6NSJ0,KIAA1161,RFU,20.0,423.7,
4205,8069-85,T-cell surface glycoprotein CD3 epsilon chain,CD3E,P07766,CD3E,RFU,20.0,2243.6,
4207,8072-19,Fc_MOUSE,Fc_MOUSE,Q99LC4,,RFU,20.0,422.1,
4210,8078-15,Fc_MOUSE,Fc_MOUSE,Q99LC4,,RFU,20.0,402.2,
4213,Oct-85,Fc_MOUSE,Fc_MOUSE,Q99LC4,,RFU,20.0,364.4,
4218,8093-13,Uncharacterized family 31 glucosidase KIAA1161,K1161,Q6NSJ0,KIAA1161,RFU,20.0,397.8,
4225,8104-21,Interleukin-10 receptor subunit alpha,IL-10 Ra,Q13651,IL10RA,RFU,20.0,453.8,
4233,Oct-28,Fc_MOUSE,Fc_MOUSE,Q99LC4,,RFU,20.0,744.5,
4235,8231-122,Vascular endothelial growth factor receptor 1,VEGF sR1,P17948,FLT1,RFU,20.0,490.6,
4243,8245-27,Intercellular adhesion molecule 5,sICAM-5,Q9UMF0,ICAM5,RFU,0.5,2159.9,
4251,8259-25,Fc_MOUSE,Fc_MOUSE,Q99LC4,,RFU,20.0,313.9,
4252,8260-13,Fc_MOUSE,Fc_MOUSE,Q99LC4,,RFU,20.0,952.9,
4258,8271-24,Fc_MOUSE,Fc_MOUSE,Q99LC4,,RFU,20.0,448.4,
4262,8275-31,Platelet endothelial aggregation receptor 1,PEAR1,Q5VY43,PEAR1,RFU,0.5,8566.4,
4263,8282-15,Fc_MOUSE,Fc_MOUSE,Q99LC4,,RFU,20.0,606.4,
4264,8285-64,Pituitary adenylate cyclase-activating polypeptide,PACA,P18509,ADCYAP1,RFU,20.0,237.4,
4265,8286-44,Fc_MOUSE,Fc_MOUSE,Q99LC4,,RFU,20.0,471.5,
4267,Aug-89,Transmembrane glycoprotein NMB,GPNMB,Q14956,GPNMB,RFU,0.005,809.2,
4268,Jan-90,Fc_MOUSE,Fc_MOUSE,Q99LC4,,RFU,20.0,342.2,
4277,8306-54,Transmembrane gamma-carboxyglutamic acid protein 1,TMG1,O14668,PRRG1,RFU,0.5,510.1,
4281,8316-36,Fc_MOUSE,Fc_MOUSE,Q99LC4,,RFU,20.0,318.1,
4285,8323-163,Trefoil factor 3,TFF3,Q07654,TFF3,RFU,0.5,790.1,
4291,8336-267,GRAM domain-containing protein 1C,GRM1C,Q8IYS0,GRAMD1C,RFU,20.0,994.5,
4299,8352-26,Sialic acid-binding Ig-like lectin 12,SIG12,Q96PQ1,SIGLEC12,RFU,0.5,2794.4,
4310,8368-102,Tumor necrosis factor receptor superfamily member 1B,TNF sR-II,P20333,TNFRSF1B,RFU,0.5,6693.4,
4314,8377-87,Fc_MOUSE,Fc_MOUSE,Q99LC4,,RFU,20.0,506.8,
4316,8380-244,Protein delta homolog 1,DLK1,P80370,DLK1,RFU,20.0,598.7,
4317,8381-18,Fc_MOUSE,Fc_MOUSE,Q99LC4,,RFU,20.0,618.5,
4318,8382-47,MAP kinase-activated protein kinase 5,MAPK5,Q8IW41,MAPKAPK5,RFU,20.0,4737.5,
4328,Jun-99,Serine/threonine-protein kinase 17B,DRAK2,O94768,STK17B,RFU,20.0,178.6,
4329,8400-74,Gastrin-releasing peptide,Gastrin-releasing peptide,P07492,GRP,RFU,20.0,1012.4,
4332,8405-108,Disintegrin and metalloproteinase domain-containing protein 10,ADAM 10,O14672,ADAM10,RFU,20.0,2590.1,
4333,8406-17,Insulin-like growth factor I,IGF-I,P05019,IGF1,RFU,20.0,179.7,
4334,Mar-09,R-spondin-2,RSPO2,Q6UXX9,RSPO2,RFU,20.0,730.9,
4335,8427-118,R-spondin-3,RSPO3,Q9BXY4,RSPO3,RFU,20.0,597.6,
4336,8428-102,Neurotrimin,NTRI,Q9P121,NTM,RFU,0.5,5837.3,
4338,Sep-43,"Magainin-1, Xenopus laevis",Magainin-1_XENLA,P11006,non-human,RFU,20.0,984.6,
4339,Mar-44,Magainin-2_XENLA,Magainin-2_XENLA,P11006,magainins,RFU,20.0,921.8,
4340,8444-46,Magainin-2_XENLA,Magainin-2_XENLA,P11006,magainins,RFU,0.5,159.4,
4341,8445-184,Melittin_VESMG,MEL_VESMG,P68408,MELT,RFU,0.005,65.8,
4342,8445-54,Melittin_VESMG,MEL_VESMG,P68408,MELT,RFU,20.0,287.8,
4343,Apr-46,Pituitary adenylate cyclase-activating polypeptide 27,PACAP-27,P18509,ADCYAP1,RFU,20.0,240.8,
4344,Nov-47,Appetite-regulating hormone,ghrelin,Q9UBU3,GHRL,RFU,20.0,1123.9,
4345,8449-103,Exendin-4_HELSU,EXE4_HELSU,P26349,,RFU,0.5,50.5,
4346,8449-124,Exendin-4_HELSU,EXE4_HELSU,P26349,,RFU,0.005,58.9,
4360,8481-26,Malic dehydrogenase_THETH,MDH_THETH,P10584,mdh,RFU,20.0,797.5,
4361,8481-44,Malic dehydrogenase_THETH,MDH_THETH,P10584,mdh,RFU,0.005,66.8,
4362,8482-39,Nigrin b_SAMNI,NIGB_SAMNI,P33183,,RFU,0.5,197.0,
4363,May-83,Luciferin 4-monooxygenase_PHOPY,LUCI_PHOPY,P08659,,RFU,0.5,101.8,
4365,8518-55,Fc_MOUSE,Fc_MOUSE,Q99LC4,,RFU,20.0,1373.3,
4367,Jan-29,Tumor necrosis factor receptor superfamily member 10B,TRAIL R2,O14763,TNFRSF10B,RFU,20.0,457.3,
4368,8535-102,Dermokine,Dermokine,Q6E0U4,DMKN,RFU,20.0,1068.9,
4372,8578-45,Fc_MOUSE,Fc_MOUSE,Q99LC4,,RFU,0.5,1310.8,
4374,8589-13,CUB domain-containing protein 1,CDCP1,Q9H5V8,CDCP1,RFU,20.0,1825.7,
4375,8595-75,Fc_MOUSE,Fc_MOUSE,Q99LC4,,RFU,20.0,234.4,
4376,Jan-97,Transmembrane protein 9,TMEM9,Q9P0T7,TMEM9,RFU,0.5,1091.5,
4377,8601-167,"Low-density lipoprotein receptor-related protein 1, soluble",sLRP1,Q07954,LRP1,RFU,20.0,416.6,
4378,8606-39,Transmembrane glycoprotein NMB,GPNMB,Q14956,GPNMB,RFU,20.0,731.1,
4379,8613-97,Fc_MOUSE,Fc_MOUSE,Q99LC4,,RFU,20.0,461.2,
4380,Dec-19,Fc_MOUSE,Fc_MOUSE,Q99LC4,,RFU,20.0,246.5,
4382,8633-18,E3 ubiquitin-protein ligase RNF128,RN128,Q8TEB7,RNF128,RFU,20.0,1273.6,
4383,8634-187,Fc_MOUSE,Fc_MOUSE,Q99LC4,,RFU,20.0,1530.7,
4385,8646-61,Leucine-rich repeat transmembrane neuronal protein 4,LRRT4,Q86VH4,LRRTM4,RFU,20.0,475.5,
4386,8653-132,DnaJ homolog subfamily C member 4,DNJC4,Q9NNZ3,DNAJC4,RFU,20.0,1303.4,
4387,8654-13,Disintegrin and metalloproteinase domain-containing protein 10,ADAM 10,O14672,ADAM10,RFU,20.0,760.2,
4388,8659-68,Protein G6b,G6B,O95866,G6B,RFU,20.0,413.1,
4391,8667-42,Fc_MOUSE,Fc_MOUSE,Q99LC4,,RFU,0.5,2813.2,
4393,8675-79,Fc_MOUSE,Fc_MOUSE,Q99LC4,,RFU,20.0,910.3,
4394,8681-93,Membrane-associated progesterone receptor component 2,PGRC2,O15173,PGRMC2,RFU,20.0,608.4,
4399,8699-43,Cysteine-rich motor neuron 1 protein,CRIM1,Q9NZV1,CRIM1,RFU,20.0,471.6,
4401,8748-45,HLA class II histocompatibility antigen gamma chain,HG2A,P04233,CD74,RFU,20.0,577.9,
4404,Jun-52,Fc_MOUSE,Fc_MOUSE,Q99LC4,,RFU,20.0,502.2,
4406,8755-202,Fc_MOUSE,Fc_MOUSE,Q99LC4,,RFU,20.0,2052.3,
4407,8756-41,Potassium voltage-gated channel subfamily E regulatory beta subunit 5,KCE1L,Q9UJ90,KCNE5,RFU,20.0,338.6,
4411,Jul-61,Fc_MOUSE,Fc_MOUSE,Q99LC4,,RFU,20.0,154.4,
4412,8766-29,Leukocyte immunoglobulin-like receptor subfamily A member 5,LIRA5,A6NI73,LILRA5,RFU,20.0,8884.3,
4415,8769-30,Fc_MOUSE,Fc_MOUSE,Q99LC4,,RFU,20.0,325.8,
4416,8770-136,Fc_MOUSE,Fc_MOUSE,Q99LC4,,RFU,20.0,423.7,
4417,May-72,Ephrin-B2,EFNB2,P52799,EFNB2,RFU,20.0,320.2,
4421,May-77,Fc_MOUSE,Fc_MOUSE,Q99LC4,,RFU,20.0,651.2,
4423,Feb-80,Protocadherin-10,PCD10,Q9P2E7,PCDH10,RFU,0.5,1521.7,
4424,8783-216,Fc_MOUSE,Fc_MOUSE,Q99LC4,,RFU,20.0,803.5,
4427,Jun-86,Protein FAM171B,F171B,Q6P995,FAM171B,RFU,20.0,981.1,
4428,8787-21,Fc_MOUSE,Fc_MOUSE,Q99LC4,,RFU,20.0,574.0,
4430,8792-17,Fc_MOUSE,Fc_MOUSE,Q99LC4,,RFU,20.0,1272.5,
4431,8793-13,Fc_MOUSE,Fc_MOUSE,Q99LC4,,RFU,20.0,491.6,
4433,8795-48,Transferrin receptor protein 1,TR,P02786,TFRC,RFU,0.5,13250.5,
4434,8800-14,Tetratricopeptide repeat protein 17,TTC17,Q96AE7,TTC17,RFU,20.0,224.8,
4435,8802-24,Fc_MOUSE,Fc_MOUSE,Q99LC4,,RFU,20.0,2609.6,
4438,8806-18,Fc_MOUSE,Fc_MOUSE,Q99LC4,,RFU,20.0,275.6,
4439,8807-13,Sorting nexin-1,SNX1,Q13596,SNX1,RFU,20.0,241.3,
4440,8808-90,Fc_MOUSE,Fc_MOUSE,Q99LC4,,RFU,20.0,246.1,
4447,8818-13,Interferon gamma receptor 2,INGR2,P38484,IFNGR2,RFU,20.0,159.6,
4448,Feb-20,Fc_MOUSE,Fc_MOUSE,Q99LC4,,RFU,20.0,148.8,
4449,8822-163,Fc_MOUSE,Fc_MOUSE,Q99LC4,,RFU,20.0,911.5,
4450,Feb-24,Fc_MOUSE,Fc_MOUSE,Q99LC4,,RFU,20.0,333.0,
4451,Apr-25,Paired immunoglobulin-like type 2 receptor alpha,PILRA,Q9UKJ1,PILRA,RFU,20.0,447.0,
4457,Oct-38,Protein CASC4,CASC4,Q6P4E1,CASC4,RFU,20.0,851.5,
4461,8842-16,GRAM domain-containing protein 1C,GRM1C,Q8IYS0,GRAMD1C,RFU,20.0,858.0,
4479,Jan-82,Disintegrin and metalloproteinase domain-containing protein 17,ADAM 17,P78536,ADAM17,RFU,0.5,228.4,
4486,8892-14,Platelet endothelial aggregation receptor 1,PEAR1,Q5VY43,PEAR1,RFU,20.0,3191.9,
4487,8893-29,Poly [ADP-ribose] polymerase 1,PARP,P09874,PARP1,RFU,20.0,5056.8,
4490,8898-19,Fc_MOUSE,Fc_MOUSE,Q99LC4,,RFU,20.0,184.0,
4493,8901-40,14-3-3 protein gamma,14-3-3 protein gamma,P61981,YWHAG,RFU,20.0,7298.7,
4498,8908-14,Potassium voltage-gated channel subfamily E regulatory beta subunit 5,KCE1L,Q9UJ90,KCNE5,RFU,0.5,1234.7,
4502,8918-64,Protein-tyrosine kinase 2-beta,FAK2,Q14289,PTK2B,RFU,0.5,1598.7,
4514,Apr-41,Neuroligin-3,NLGN3,Q9NZ94,NLGN3,RFU,20.0,252.2,
4516,8944-42,Fc_MOUSE,Fc_MOUSE,Q99LC4,,RFU,20.0,584.0,
4519,8947-268,Fc_MOUSE,Fc_MOUSE,Q99LC4,,RFU,20.0,200.5,
4521,Mar-49,Fc_MOUSE,Fc_MOUSE,Q99LC4,,RFU,20.0,680.9,
4524,8953-47,Hepatoma-derived growth factor,HDGF,P51858,HDGF,RFU,20.0,722.3,
4526,8956-96,Scavenger receptor class F member 2,SREC-II,Q96GP6,SCARF2,RFU,0.5,867.7,
4529,8959-61,Disintegrin and metalloproteinase domain-containing protein 17,ADAM 17,P78536,ADAM17,RFU,20.0,678.1,
4531,8962-48,Ribosomal protein S6 kinase beta-1,KS6B1,P23443,RPS6KB1,RFU,20.0,937.9,
4533,8964-14,Fc_MOUSE,Fc_MOUSE,Q99LC4,,RFU,20.0,409.5,
4535,8969-49,Monocyte differentiation antigen CD14,CD14,P08571,CD14,RFU,0.005,1148.0,
4536,Sep-70,Receptor-interacting serine/threonine-protein kinase 2,RIPK2,O43353,RIPK2,RFU,20.0,569.9,
4538,8973-23,Fc receptor-like protein 4,FCRL4,Q96PJ5,FCRL4,RFU,20.0,802.0,
4543,Jan-79,Fc_MOUSE,Fc_MOUSE,Q99LC4,,RFU,20.0,625.3,
4546,Jul-83,Golgi membrane protein 1,GOLM1,Q8NBJ4,GOLM1,RFU,20.0,1710.2,
4549,8991-115,Fc receptor-like protein 4,FCRL4,Q96PJ5,FCRL4,RFU,20.0,1075.7,
4551,8993-151,Receptor-interacting serine/threonine-protein kinase 2,RIPK2,O43353,RIPK2,RFU,20.0,1382.7,
4553,8998-15,Heparan sulfate glucosamine 3-O-sulfotransferase 4,HS3S4,Q9Y661,HS3ST4,RFU,20.0,289.3,
4560,Jun-08,Transmembrane gamma-carboxyglutamic acid protein 1,TMG1,O14668,PRRG1,RFU,20.0,1204.1,
4561,Mar-10,Fc_MOUSE,Fc_MOUSE,Q99LC4,,RFU,20.0,270.2,
4562,Jan-12,Pre-mRNA-processing factor 6,PRP6,O94906,PRPF6,RFU,20.0,249.3,
4566,9018-38,Protocadherin-10,PCD10,Q9P2E7,PCDH10,RFU,20.0,1347.2,
4568,Sep-23,Fc_MOUSE,Fc_MOUSE,Q99LC4,,RFU,0.5,656.6,
4570,Oct-27,Neuroligin-2,NLGN2,Q8NFZ4,NLGN2,RFU,20.0,334.6,
4576,9039-47,Torsin-1A-interacting protein 1,TOIP1,Q5JTV8,TOR1AIP1,RFU,0.5,10167.0,
4580,9046-46,Fc_MOUSE,Fc_MOUSE,Q99LC4,,RFU,20.0,456.9,
4585,Aug-54,Fc_MOUSE,Fc_MOUSE,Q99LC4,,RFU,20.0,446.0,
4586,9055-81,Myocardial zonula adherens protein,MYZAP,P0CAP1,MYZAP,RFU,20.0,167.0,
4592,Sep-63,Fc_MOUSE,Fc_MOUSE,Q99LC4,,RFU,20.0,636.8,
4593,Dec-64,RING finger protein 215,RN215,Q9Y6U7,RNF215,RFU,20.0,2008.5,
4594,9067-152,Fc_MOUSE,Fc_MOUSE,Q99LC4,,RFU,20.0,174.7,
4597,9073-35,Fc_MOUSE,Fc_MOUSE,Q99LC4,,RFU,20.0,266.0,
4603,Jan-80,Fc_MOUSE,Fc_MOUSE,Q99LC4,,RFU,20.0,309.7,
4606,9088-20,Fc_MOUSE,Fc_MOUSE,Q99LC4,,RFU,20.0,2840.1,
4608,Sep-90,Synaptotagmin-like protein 4,SYTL4,Q96C24,SYTL4,RFU,20.0,4960.6,
4609,9092-33,Angiopoietin-related protein 1,ANGL1,O95841,ANGPTL1,RFU,20.0,4004.1,
4612,May-97,UPF0577 protein KIAA1324,K1324,Q6UXG2,KIAA1324,RFU,20.0,331.3,
4618,9108-48,Fc_MOUSE,Fc_MOUSE,Q99LC4,,RFU,20.0,445.6,
4627,Aug-22,Fc_MOUSE,Fc_MOUSE,Q99LC4,,RFU,20.0,418.5,
4629,9125-23,Mannan-binding lectin serine protease 1,MASP3,P48740,MASP1,RFU,20.0,1969.2,
4632,9128-34,Leucine-rich repeat transmembrane protein FLRT3,FLRT3,Q9NZU0,FLRT3,RFU,20.0,1303.5,
4639,Mar-76,Mucin-1,MUC1,P15941,MUC1,RFU,20.0,2128.7,
4640,Jun-77,Protein FAM3B,FAM3B,P58499,FAM3B,RFU,20.0,13221.9,
4641,9178-30,Neuregulin-1,NEUREGULIN-1,Q02297,NRG1,RFU,20.0,215.5,
4642,Jun-80,Interferon gamma receptor 2,INGR2,P38484,IFNGR2,RFU,20.0,1478.7,
4643,Mar-82,"Low-density lipoprotein receptor-related protein 1, soluble",sLRP1,Q07954,LRP1,RFU,20.0,1674.7,
4647,9188-119,C-X-C motif chemokine 9,MIG,Q07325,CXCL9,RFU,20.0,445.3,
4653,9201-13,Transgelin-2,Transgelin-2,P37802,TAGLN2,RFU,0.5,1798.4,
4655,9204-33,Pro-opiomelanocortin,Corticotropin-lipotropin,P01189,POMC,RFU,20.0,573.2,
4673,Jan-46,Fc_MOUSE,Fc_MOUSE,Q99LC4,,RFU,20.0,297.9,
4675,9249-17,Transmembrane protein 9,TMEM9,Q9P0T7,TMEM9,RFU,20.0,221.1,
4681,9258-14,Fc_MOUSE,Fc_MOUSE,Q99LC4,,RFU,20.0,182.4,
4687,Feb-75,Sialic acid-binding Ig-like lectin 5,Siglec-5,O15389,SIGLEC5,RFU,0.5,8696.6,
4689,Sep-78,Stromal cell-derived factor 1,SDF-1,P48061,CXCL12,RFU,0.5,8331.8,
4690,9281-50,Fc_MOUSE,Fc_MOUSE,Q99LC4,,RFU,20.0,414.9,
4696,9294-45,Microfibrillar-associated protein 2,MFAP2,P55001,MFAP2,RFU,0.5,473.6,
4710,9329-28,Trem-like transcript 1 protein,TRML1,Q86YW5,TREML1,RFU,20.0,563.8,
4715,Feb-38,Fc_MOUSE,Fc_MOUSE,Q99LC4,,RFU,0.5,4409.7,
4718,Jan-41,Platelet-derived growth factor D,PDGFD,Q9GZP0,PDGFD,RFU,0.5,2228.1,
4721,9347-13,Fc_MOUSE,Fc_MOUSE,Q99LC4,,RFU,20.0,339.4,
4724,Aug-53,Fc_MOUSE,Fc_MOUSE,Q99LC4,,RFU,20.0,475.7,
4725,9355-26,Fc_MOUSE,Fc_MOUSE,Q99LC4,,RFU,20.0,673.9,
4727,Mar-58,Fc_MOUSE,Fc_MOUSE,Q99LC4,,RFU,20.0,587.0,
4731,Nov-62,Fc_MOUSE,Fc_MOUSE,Q99LC4,,RFU,20.0,1961.8,
4739,9373-405,Fc_MOUSE,Fc_MOUSE,Q99LC4,,RFU,20.0,214.6,
4745,9384-17,Cathelicidin antimicrobial peptide,Cathelicidin peptide,P49913,CAMP,RFU,0.5,6811.8,
4748,9387-13,Fc_MOUSE,Fc_MOUSE,Q99LC4,,RFU,20.0,280.4,
4750,Dec-89,Fc_MOUSE,Fc_MOUSE,Q99LC4,,RFU,20.0,279.0,
4760,9439-454,Fc_MOUSE,Fc_MOUSE,Q99LC4,,RFU,20.0,655.5,
4769,Jul-59,Tumor necrosis factor receptor superfamily member 6,"Fas, soluble",P25445,FAS,RFU,0.5,3598.6,
4770,9463-26,Fc_MOUSE,Fc_MOUSE,Q99LC4,,RFU,20.0,471.4,
4771,9467-24,Fc_MOUSE,Fc_MOUSE,Q99LC4,,RFU,20.0,442.8,
4772,Aug-68,Vesicular integral-membrane protein VIP36,"Lectin, mannose-binding 2",Q12907,LMAN2,RFU,0.5,4766.4,
4780,9487-60,Somatoliberin,Growth hormone-releasing factor,P01286,GHRH,RFU,20.0,926.5,
4782,9491-13,Fc_MOUSE,Fc_MOUSE,Q99LC4,,RFU,0.5,129.7,
4783,May-92,Fc_MOUSE,Fc_MOUSE,Q99LC4,,RFU,20.0,284.1,
4784,9493-56,Fc_MOUSE,Fc_MOUSE,Q99LC4,,RFU,20.0,470.1,
4786,Mar-97,Fc_MOUSE,Fc_MOUSE,Q99LC4,,RFU,20.0,141.8,
4787,May-00,Fc_MOUSE,Fc_MOUSE,Q99LC4,,RFU,20.0,398.7,
4790,Oct-06,Apolipoprotein L1,Apo L1,O14791,APOL1,RFU,0.5,3500.8,
4791,9508-104,Fc_MOUSE,Fc_MOUSE,Q99LC4,,RFU,20.0,220.2,
4794,9512-24,Fc_MOUSE,Fc_MOUSE,Q99LC4,,RFU,20.0,778.2,
4798,9523-34,Integral membrane protein 2C,ITM2C,Q9NQX7,ITM2C,RFU,20.0,411.9,
4801,Jun-30,Fc_MOUSE,Fc_MOUSE,Q99LC4,,RFU,20.0,506.8,
4812,9550-153,Tetratricopeptide repeat protein 17,TTC17,Q96AE7,TTC17,RFU,20.0,277.1,
4816,9566-103,Fc_MOUSE,Fc_MOUSE,Q99LC4,,RFU,20.0,649.0,
4825,Apr-81,Pre-mRNA-processing factor 6,PRP6,O94906,PRPF6,RFU,20.0,940.6,
4828,9584-105,Fc_MOUSE,Fc_MOUSE,Q99LC4,,RFU,0.5,1231.8,
4829,9585-80,CXADR-like membrane protein,ACAM,Q9H6B4,CLMP,RFU,20.0,500.6,
4834,Jun-99,PILR alpha-associated neural protein,PIANP,Q8IYJ0,PIANP,RFU,20.0,1433.1,
4839,9613-16,Fc_MOUSE,Fc_MOUSE,Q99LC4,,RFU,20.0,591.4,
4840,Feb-38,T-cell immunoreceptor with Ig and ITIM domains,TIGIT,Q495A1,TIGIT,RFU,20.0,130.3,
4843,9719-145,Matrix metalloproteinase-16,MMP-16,P51512,MMP16,RFU,20.0,1166.8,
4865,9769-48,Delta and Notch-like epidermal growth factor-related receptor,DNER,Q8NFT8,DNER,RFU,20.0,1385.8,
4866,9772-153,Neuroligin-2,NLGN2,Q8NFZ4,NLGN2,RFU,20.0,328.0,
4879,Nov-04,Fc_MOUSE,Fc_MOUSE,Q99LC4,,RFU,20.0,1144.5,
4882,May-15,Rho GTPase-activating protein 1,RHG01,Q07960,ARHGAP1,RFU,20.0,549.9,
4884,9819-110,Induced myeloid leukemia cell differentiation protein Mcl-1,Mcl-1,Q07820,MCL1,RFU,20.0,813.5,
4938,Aug-05,Fc_MOUSE,Fc_MOUSE,Q99LC4,,RFU,20.0,287.6,
4943,9917-16,Fc_MOUSE,Fc_MOUSE,Q99LC4,,RFU,20.0,1825.1,
4946,9925-56,Scavenger receptor class F member 2,SREC-II,Q96GP6,SCARF2,RFU,20.0,350.4,
4950,9930-48,Gamma-aminobutyric acid type B receptor subunit 2,GABR2,O75899,GABBR2,RFU,20.0,413.7,
4962,9951-36,F-box/LRR-repeat protein 4,FBXL4,Q9UKA2,FBXL4,RFU,20.0,855.4,
4965,9955-40,RING finger protein 148,RN148,Q8N7C7,RNF148,RFU,20.0,427.3,
4972,Oct-64,Myocardial zonula adherens protein,MYZAP,P0CAP1,MYZAP,RFU,20.0,3323.3,
4974,Jul-70,UBX domain-containing protein 4,UBXN4,Q92575,UBXN4,RFU,0.5,753.7,
4978,9981-18,Protein FAM234B,K1467,A2RU67,KIAA1467,RFU,20.0,643.9,
4986,Dec-97,UBX domain-containing protein 4,UBXN4,Q92575,UBXN4,RFU,20.0,4426.9,
